name,type,loc
Help Me,help_me,33.528634 : 126.854856
Grab a beer,grab_a_beer,33.528711 : 126.855080
Accodent,accident,33.523411 : 126.865880
Dangerous,dangerous,33.528665 : 126.854234
