type,loc
help_me,33.528634 : 126.854856
grab_a_beer,33.528711 : 126.855080
accident,33.523411 : 126.865880
dangerous,33.528665 : 126.854234
